Mutation type,Trinucleotide,target.sig,background.sig
C>A,ACA,0.062814403225109,0.0587276305165772
C>A,ACC,0.019979272560422,0.00560104800779902
C>A,ACG,0.00333798944756751,0.00259576008449811
C>A,ACT,0.00873954206602078,0.0195289462115816
C>A,CCA,0.0430693182793161,0.0367838774842971
C>A,CCC,4.91943305733203e-07,0.0064741034503256
C>A,CCG,0.000593153325409137,0.00336358098269457
C>A,CCT,0.0272837119584125,0.0214392283740035
C>A,GCA,0.089496846034772,0.143066953612671
C>A,GCC,0.018814678431026,0.0114056700900612
C>A,GCG,0.00160038424117747,0.00605676097174614
C>A,GCT,0.0307977311645261,0.0604894448138769
C>A,TCA,0.0497503823062591,0.0590263615617372
C>A,TCC,0.0124080095930846,0.0213526779962122
C>A,TCG,0.00378235402251185,0.00578955476823533
C>A,TCT,0.130986062654626,0.114152110542479
C>G,ACA,0.0116683543026741,0.00530336495403155
C>G,ACC,0.000915487288209629,0.00197441436305772
C>G,ACG,0.00598553219520116,0.00196231206573138
C>G,ACT,0.00232371619946634,0.00355742499489556
C>G,CCA,0.000675542909747358,0.00279837648062041
C>G,CCC,0.000213894585106905,0.00279999331303279
C>G,CCG,5.97815749740358e-21,0.00196696828391891
C>G,CCT,0.000540465127689882,0.00387314538597438
C>G,GCA,0.00309583071858142,0.00224950958748589
C>G,GCC,0.00167824468651532,0.00128144872187098
C>G,GCG,0.00132287414750439,0.00116070060128446
C>G,GCT,0.00326957002367472,0.00250502099355062
C>G,TCA,0.00918820547174043,0.00379479495214821
C>G,TCC,0.00848680857474185,0.00293364017127862
C>G,TCG,0.00399250529885776,0.00114024214851522
C>G,TCT,0.00620326598167015,0.00519513863807362
C>T,ACA,0.0304397850871727,0.0233325674938752
C>T,ACC,0.00959507882428837,0.0113156317132801
C>T,ACG,0.0168620512961284,0.0132129362556757
C>T,ACT,0.0053925279143466,0.0131578482186743
C>T,CCA,0.0222654041785653,0.0219955787934181
C>T,CCC,0.0192256940474304,0.0136868698449852
C>T,CCG,0.00134226269727651,0.0105679599952765
C>T,CCT,0.0188541203752004,0.0128836267418771
C>T,GCA,0.00732703457097069,0.0147841111269293
C>T,GCC,0.00900392523958318,0.00922704759415845
C>T,GCG,0.00599306392975846,0.00894871765492807
C>T,GCT,0.00243742270771371,0.0102096238879316
C>T,TCA,0.0253583939284773,0.0172952075951773
C>T,TCC,2.19931674371425e-19,0.0130603336155493
C>T,TCG,0.0071138605104149,0.00932473639073713
C>T,TCT,0.0220785404494321,0.0128058884841418
T>A,ATA,0.00727623951180724,0.00371889166393183
T>A,ATC,2.63989742031936e-21,0.00203479128695893
T>A,ATG,0.00109352933189905,0.00268265075987126
T>A,ATT,0.00847331421350567,0.00820806920093267
T>A,CTA,0.000957311213682973,0.00272606263052115
T>A,CTC,1.66698059251035e-19,0.0023243572935052
T>A,CTG,0.00642542767270972,0.00120946879996609
T>A,CTT,0.0027671591418148,0.00321225084800952
T>A,GTA,2.2094749828567e-21,0.00126163978488802
T>A,GTC,0.00175369437671961,0.000679864264231044
T>A,GTG,3.669619118031e-19,0.00115833740239778
T>A,GTT,0.00259365012459603,0.0037404437480145
T>A,TTA,0.00691375229828733,0.00991915137721709
T>A,TTC,0.00065414724756247,0.00289468501863434
T>A,TTG,0.00316627344447047,0.00186856961817249
T>A,TTT,0.00522851325263242,0.0061230386156789
T>C,ATA,0.0174074523995447,0.0102145209425975
T>C,ATC,0.00445245117491744,0.00270637019051105
T>C,ATG,0.00695854930455981,0.00685718565788028
T>C,ATT,0.016339629888844,0.00861862662799588
T>C,CTA,0.014953872025203,0.00448545250902937
T>C,CTC,0.00123504940447472,0.00197853795818823
T>C,CTG,0.00647983331896196,0.00384349132319999
T>C,CTT,0.0061600637865008,0.00435806357880921
T>C,GTA,9.521817847424e-19,0.00260532498556651
T>C,GTC,4.04446579051179e-20,0.00158463476244617
T>C,GTG,0.00888887313918176,0.00238370399150686
T>C,GTT,0.0126600010412911,0.00588222108294407
T>C,TTA,0.0159001126755932,0.00884980949894126
T>C,TTC,0.00124133633688341,0.00244358919768558
T>C,TTG,0.0165539597950749,0.00548459030932815
T>C,TTT,0.0140685578819422,0.00816525321764689
T>G,ATA,0.0036213598425857,0.00185161164271727
T>G,ATC,7.02734748003995e-21,0.00104872930521623
T>G,ATG,0.0036283663059595,0.00139408477215282
T>G,ATT,0.0128310621810179,0.0039468476311968
T>G,CTA,0.00365318100105737,0.000987139689267299
T>G,CTC,0.00158629317155634,0.000701591477900902
T>G,CTG,9.72959676132787e-21,0.00133867345136141
T>G,CTT,0.00122519142077191,0.00248270846753471
T>G,GTA,0.00191789475777732,0.000683158498488377
T>G,GTC,1.12165306534915e-20,0.000544106382326807
T>G,GTG,4.82374656895201e-20,0.00127146675888873
T>G,GTT,2.20385690250157e-20,0.0019631283017218
T>G,TTA,1.68547323896999e-20,0.00104942013090873
T>G,TTC,2.95745235091762e-21,0.00214210583738074
T>G,TTG,0.00283315126727597,0.00231300311483745
T>G,TTT,0.0117969515276512,0.0058996858600117
