"","HepG2_NDEA__cl1","HepG2_NDEA__cl2","HepG2_NDEA__cl3","HepG2_NDMA__cl1","HepG2_NDMA__cl2","HepG2_NDMA__cl3","HepG2_NPIP__cl1","HepG2_NPIP__cl2","HepG2_NPIP__cl3","HepG2_NPYR__cl1","HepG2_NPYR__cl2","MCF10A_NDEA_HamsterS9_cl3","MCF10A_NDEA_HamsterS9_cl5","MCF10A_NDMA_HamsterS9_cl2","MCF10A_NDMA_HamsterS9_cl3","MCF10A_NPIP_HamsterS9_cl1","MCF10A_NPIP_HamsterS9_cl1","MCF10A_NPYR_HamsterS9_cl1","MCF10A_NPYR_HamsterS9_cl8","HepG2_NDEA_S9_cl1","HepG2_NDMA_S9_cl1","HepG2_NPIP_S9_cl1","HepG2_NPYR_S9_cl2","MCF10A_NDEA__cl2","MCF10A_NPIP__cl1"
"ACAA",429,550,342,143,184,187,207,198,182,179,188,42,45,52,52,47,59,54,50,24,38,60,52,26,31
"ACCA",109,140,111,81,64,68,75,71,63,70,82,19,15,20,21,17,25,28,27,13,12,32,22,9,6
"ACGA",42,55,32,10,12,11,15,20,11,16,17,9,6,5,5,6,6,7,5,1,3,11,4,0,0
"ACTA",181,181,126,84,100,104,108,113,89,103,104,35,21,24,19,28,28,20,23,15,22,44,32,15,14
"CCAA",291,345,264,165,191,187,193,203,195,232,237,64,56,64,68,48,53,45,63,33,52,74,66,27,22
"CCCA",84,114,92,78,68,81,84,91,77,100,107,21,15,18,19,22,21,20,20,20,26,36,27,9,20
"CCGA",36,36,35,14,26,31,30,29,27,25,34,7,7,10,9,7,10,8,6,8,2,12,4,3,3
"CCTA",157,179,131,99,128,128,139,133,125,129,148,58,44,60,62,49,67,51,52,19,33,58,33,29,18
"GCAA",177,235,154,94,117,115,115,123,98,118,129,83,67,71,69,62,84,61,61,16,34,52,40,40,23
"GCCA",70,96,48,55,42,49,47,50,41,50,49,24,20,26,25,24,23,19,16,5,18,29,25,10,10
"GCGA",14,29,15,9,7,5,11,11,10,9,11,5,8,10,10,8,8,8,5,1,2,4,3,1,4
"GCTA",105,114,86,57,71,69,86,85,69,73,84,60,55,72,74,53,67,57,51,13,27,35,25,23,20
"TCAA",301,352,281,163,183,172,171,172,155,183,189,92,80,80,76,76,86,84,79,24,42,76,55,44,41
"TCCA",149,144,109,83,110,111,105,104,101,122,138,61,53,55,60,46,58,59,50,9,33,58,38,27,27
"TCGA",25,38,19,11,12,14,14,13,16,17,20,6,13,8,8,11,7,7,10,2,5,6,5,4,2
"TCTA",222,257,179,178,173,186,199,188,171,191,197,135,124,130,135,116,129,128,96,18,67,82,60,59,58
"ACAG",81,81,68,38,55,57,56,59,59,68,77,11,9,13,10,14,17,11,14,9,9,21,26,18,18
"ACCG",44,49,48,23,36,39,35,36,36,42,36,8,5,5,8,13,12,6,11,9,9,16,15,12,11
"ACGG",8,16,4,4,4,5,10,7,4,6,7,5,3,4,3,2,2,4,0,1,2,4,1,1,2
"ACTG",71,55,59,51,54,58,62,67,54,71,64,14,9,11,14,13,19,14,13,11,19,29,8,8,15
"CCAG",60,61,37,37,36,36,45,45,33,52,56,15,10,10,11,12,11,9,9,3,11,18,19,5,9
"CCCG",39,39,37,20,31,32,30,29,31,32,38,5,1,3,2,10,11,7,1,5,9,16,12,4,3
"CCGG",10,15,11,6,9,11,7,8,9,10,12,2,1,1,1,1,1,2,2,1,2,6,2,0,1
"CCTG",47,55,28,40,39,33,40,43,30,38,40,8,11,7,8,16,17,18,10,7,13,26,21,11,8
"GCAG",21,34,20,21,17,16,16,20,16,23,25,12,6,8,9,6,11,5,5,3,7,11,5,8,8
"GCCG",37,37,82,37,28,76,26,20,78,30,49,6,7,4,3,8,8,5,6,4,10,16,7,5,4
"GCGG",5,6,30,9,4,26,3,5,29,5,10,0,2,1,0,1,1,2,2,2,1,2,1,0,0
"GCTG",41,52,38,23,40,38,29,33,27,37,49,6,11,7,8,7,9,7,7,8,9,14,13,3,7
"TCAG",82,88,61,42,62,64,68,65,63,71,72,102,64,55,56,58,62,49,50,8,17,28,30,13,18
"TCCG",61,84,60,33,51,58,54,59,47,62,67,31,23,24,26,21,24,24,20,6,18,18,21,16,18
"TCGG",7,11,8,7,7,9,6,5,5,6,6,5,3,4,2,3,3,1,2,2,1,2,1,1,2
"TCTG",121,121,103,120,110,104,103,109,102,128,137,158,93,102,104,90,100,68,69,16,19,46,45,18,23
"ACAT",509,548,364,147,182,187,217,210,163,126,136,49,27,41,40,39,59,55,49,23,29,54,34,22,21
"ACCT",265,332,232,94,99,101,131,121,88,74,78,24,22,20,22,25,26,32,26,13,19,33,13,11,9
"ACGT",84,102,69,32,39,41,44,45,36,29,33,30,35,31,31,28,23,29,27,8,18,14,6,5,8
"ACTT",244,252,226,87,125,124,128,128,92,103,104,36,16,28,27,22,23,30,21,24,19,47,27,18,11
"CCAT",203,237,158,95,97,104,116,121,99,95,97,46,51,37,38,38,40,40,37,23,35,53,43,22,30
"CCCT",115,127,106,58,67,70,83,86,79,67,77,42,34,35,36,29,39,33,25,12,17,31,19,16,17
"CCGT",47,53,36,21,26,24,26,25,19,20,23,32,19,31,31,16,18,23,21,6,9,10,8,6,8
"CCTT",114,122,92,84,76,67,63,62,64,69,69,37,23,29,31,35,45,41,42,14,15,37,19,17,21
"GCAT",146,160,135,62,94,84,77,77,79,91,86,21,27,24,27,24,31,33,19,10,22,28,19,25,24
"GCCT",136,127,120,66,90,81,74,69,76,69,78,36,30,24,25,24,34,13,20,10,21,34,26,13,12
"GCGT",38,33,25,28,23,22,20,23,18,21,28,25,28,27,20,31,25,34,26,2,10,8,10,16,9
"GCTT",148,153,120,67,82,78,89,86,82,78,78,30,25,25,25,20,27,17,23,10,21,30,25,20,15
"TCAT",310,338,263,134,127,117,163,179,129,107,127,211,170,138,155,110,110,107,124,10,26,42,45,27,33
"TCCT",264,264,213,86,106,116,116,109,96,92,92,69,63,59,64,49,50,52,45,18,36,43,42,37,30
"TCGT",42,51,35,13,20,16,20,23,13,13,17,31,23,18,22,26,25,28,23,6,8,10,5,7,8
"TCTT",222,258,219,93,104,112,138,141,103,129,130,130,109,94,97,72,77,78,87,16,25,42,43,17,26
"ATAA",379,493,310,64,82,79,124,138,90,78,85,16,12,13,11,11,14,16,13,5,9,25,19,7,9
"ATCA",316,385,253,44,51,58,91,108,51,44,46,15,16,16,16,13,10,17,20,3,6,9,10,4,3
"ATGA",469,618,376,47,78,80,146,159,81,56,62,12,13,5,4,8,10,12,6,2,7,11,13,3,9
"ATTA",292,326,278,42,71,74,113,113,71,90,98,13,9,15,15,13,15,11,16,5,13,20,19,11,11
"CTAA",75,102,60,27,24,29,52,50,37,33,50,15,7,17,16,6,12,9,9,1,11,11,17,5,8
"CTCA",88,156,88,19,29,41,43,47,40,46,43,7,6,6,8,8,8,9,8,2,10,13,9,3,7
"CTGA",197,272,163,48,52,63,61,75,47,55,61,11,10,9,8,6,8,7,5,7,6,22,13,9,8
"CTTA",90,144,86,60,40,36,63,61,50,61,66,15,11,14,14,14,13,19,14,4,16,18,15,7,5
"GTAA",160,223,146,30,33,34,52,49,26,50,32,8,6,8,9,3,8,7,6,4,6,8,6,5,2
"GTCA",151,150,102,25,34,29,36,37,33,22,28,7,3,4,5,8,8,9,9,1,4,6,3,7,10
"GTGA",183,267,145,26,36,40,53,60,52,46,49,7,7,9,9,8,9,8,8,3,6,12,8,4,6
"GTTA",140,184,123,28,34,33,36,40,35,33,34,10,6,7,6,6,9,12,10,2,2,7,9,6,9
"TTAA",141,166,79,43,41,40,71,79,46,49,57,18,17,16,15,17,20,23,19,5,18,24,19,9,13
"TTCA",113,132,83,39,39,38,34,34,30,31,38,8,8,5,7,7,8,8,8,10,8,20,10,12,10
"TTGA",189,228,124,26,40,44,51,47,32,43,36,5,10,7,8,4,5,8,11,3,8,9,12,9,8
"TTTA",94,112,77,44,40,36,57,56,40,49,55,13,9,16,13,10,16,18,9,5,9,12,14,12,6
"ATAC",399,478,329,82,116,115,157,162,127,223,252,104,80,102,98,81,90,80,73,12,23,23,32,30,31
"ATCC",286,339,247,73,84,76,112,113,69,170,169,20,17,16,16,14,16,10,12,8,9,12,17,6,7
"ATGC",185,235,159,48,61,62,97,95,57,90,106,63,37,39,47,22,27,27,27,11,5,18,25,17,18
"ATTC",320,343,267,55,84,82,128,127,94,181,199,45,48,49,52,47,53,69,47,12,12,19,30,12,15
"CTAC",141,165,117,41,40,39,51,51,28,70,67,38,24,36,38,15,20,22,21,4,17,18,15,11,12
"CTCC",319,437,270,65,78,79,99,94,60,125,141,19,16,9,10,11,14,9,11,11,5,19,17,9,8
"CTGC",153,232,140,36,45,37,66,73,54,67,69,21,17,23,21,22,25,19,15,2,7,8,12,5,11
"CTTC",151,231,121,45,44,41,55,55,41,71,73,28,22,29,33,25,27,18,24,6,6,20,18,16,13
"GTAC",335,444,301,52,72,64,130,139,99,181,203,35,24,28,28,43,40,36,37,7,9,16,23,16,18
"GTCC",271,412,293,56,62,57,88,86,62,111,146,15,13,8,8,10,8,9,10,7,7,12,19,5,4
"GTGC",216,275,191,42,44,45,74,83,49,117,129,32,19,21,21,14,16,17,16,6,6,12,23,6,3
"GTTC",288,366,229,58,58,58,75,74,56,172,182,26,18,23,21,19,20,16,23,7,6,14,18,18,15
"TTAC",138,164,119,37,65,59,65,68,57,76,77,55,42,52,51,59,58,61,47,8,15,16,17,30,26
"TTCC",213,252,203,51,77,78,101,102,52,104,132,21,13,12,11,22,29,28,16,11,7,20,6,14,18
"TTGC",71,88,71,21,37,35,40,40,29,37,40,18,11,15,15,15,20,17,16,2,6,9,11,16,12
"TTTC",143,135,96,35,44,45,53,63,42,55,55,20,16,15,15,18,26,18,16,9,6,13,15,14,15
"ATAG",119,115,95,27,25,29,53,56,44,56,56,11,6,10,10,9,11,7,5,2,7,14,18,3,3
"ATCG",72,84,70,15,21,23,48,51,36,36,38,4,7,7,8,6,5,6,7,1,4,12,15,2,3
"ATGG",117,140,94,35,31,35,47,49,44,32,39,5,9,9,8,7,7,6,7,5,4,6,8,8,8
"ATTG",102,121,82,33,35,45,61,64,54,88,96,21,15,14,19,9,8,15,7,3,10,15,15,9,7
"CTAG",34,25,25,8,18,18,22,19,16,24,21,7,3,6,6,6,5,6,6,2,5,10,5,3,8
"CTCG",41,40,32,21,15,15,28,32,23,24,28,4,8,10,8,5,9,7,5,1,3,4,6,4,3
"CTGG",58,56,62,22,31,36,36,30,28,30,33,8,7,8,7,5,4,8,8,1,7,11,1,2,5
"CTTG",40,45,37,20,30,22,27,31,25,35,38,8,11,12,14,9,11,7,5,2,8,10,13,11,9
"GTAG",41,53,35,8,15,14,20,24,14,21,24,7,3,4,4,4,4,3,4,3,2,5,6,4,3
"GTCG",85,111,66,9,14,16,28,29,26,28,32,6,3,4,4,1,4,3,2,4,2,1,4,0,0
"GTGG",75,105,57,17,21,33,27,27,41,28,26,11,8,8,7,3,7,5,5,1,8,6,9,6,6
"GTTG",55,73,38,17,17,21,32,35,29,45,49,12,6,11,8,15,9,8,8,6,5,4,12,11,8
"TTAG",38,67,34,44,32,38,34,30,30,43,40,14,8,12,10,10,13,18,14,6,7,17,10,7,6
"TTCG",48,60,41,20,27,25,34,34,32,34,33,11,7,10,13,5,6,4,2,4,7,8,7,5,4
"TTGG",47,64,45,34,29,33,42,43,28,41,39,9,6,5,6,9,10,6,8,7,9,19,14,8,7
"TTTG",54,46,55,32,35,41,44,45,30,47,56,8,5,8,9,15,16,13,12,5,12,22,21,13,8
